<?xml version="1.0" encoding="UTF-8"?>

<mule xmlns:http="http://www.mulesoft.org/schema/mule/http" xmlns:tracking="http://www.mulesoft.org/schema/mule/ee/tracking" xmlns="http://www.mulesoft.org/schema/mule/core" xmlns:doc="http://www.mulesoft.org/schema/mule/documentation"
	xmlns:spring="http://www.springframework.org/schema/beans" version="EE-3.6.0"
	xmlns:xsi="http://www.w3.org/2001/XMLSchema-instance"
	xsi:schemaLocation="http://www.springframework.org/schema/beans http://www.springframework.org/schema/beans/spring-beans-current.xsd
http://www.mulesoft.org/schema/mule/core http://www.mulesoft.org/schema/mule/core/current/mule.xsd
http://www.mulesoft.org/schema/mule/ee/tracking http://www.mulesoft.org/schema/mule/ee/tracking/current/mule-tracking-ee.xsd
http://www.mulesoft.org/schema/mule/http http://www.mulesoft.org/schema/mule/http/current/mule-http.xsd">
   <spring:beans>
        <spring:import resource="classpath:lv-project1.xml"/>
    </spring:beans> 
    <http:listener-config name="HTTP_Listener_Configuration_Main" host="0.0.0.0" port="8082" doc:name="HTTP Listener Configuration"/>
    <flow name="lv-project2Flow">
        <http:listener config-ref="HTTP_Listener_Configuration_Main" path="/test" doc:name="HTTP"/>
        <logger message="Sub Flow" level="INFO" doc:name="Logger"/>
        <flow-ref name="lv-commonLogger" doc:name="Flow Reference"/>
    </flow>
</mule>
